decoder_family,episode_index,episode_id,subject_id,prior_victim_a,prior_victim_b,human_action,adaptation_updated,evidence_latency,task_outcome
csp_lda,1,d081-s016-r04-left-b000-245142203e184d40,16,0.5,0.5,,False,4,False
csp_lda,2,d081-s016-r04-right-b000-4c8249baca6c7c7b,16,0.5,0.5,,False,5,True
csp_lda,3,d081-s016-r12-right-b000-769143302536a35e,16,0.5,0.5,,False,5,True
csp_lda,4,d081-s016-r12-left-b000-f3c57eb656974e4a,16,0.5,0.5,OVERRIDE,True,5,True
csp_lda,5,d081-s021-r04-right-b000-838f07c41166d754,21,0.5,0.5,,False,3,False
csp_lda,6,d081-s021-r04-left-b000-a96a97af3fd4e4c7,21,0.5,0.5,,False,2,True
csp_lda,7,d081-s029-r04-right-b000-f2f742874290b5d0,29,0.5,0.5,,False,2,True
csp_lda,8,d081-s029-r04-left-b000-e3974d670b86473c,29,0.5,0.5,OVERRIDE,True,5,True
csp_lda,9,d081-s029-r08-left-b000-af6710ffb8a893ed,29,0.5,0.5,,False,5,True
csp_lda,10,d081-s029-r08-right-b000-b7392de7463f7cae,29,0.5,0.5,,False,4,True
csp_lda,11,d081-s029-r12-left-b000-1540db9f22d017db,29,0.5,0.5,CONFIRM,True,5,True
csp_lda,12,d081-s031-r04-right-b000-dc9a84de8ccc360a,31,0.5,0.5,,False,5,True
csp_lda,13,d081-s031-r04-left-b000-99d6a33673e2f425,31,0.5,0.5,CONFIRM,True,5,True
csp_lda,14,d081-s031-r08-right-b000-0fb327a1f9b756d7,31,0.5,0.5,CONFIRM,True,5,True
csp_lda,15,d081-s034-r04-left-b000-3a029bd9de20aa12,34,0.5,0.5,OVERRIDE,True,5,True
csp_lda,16,d081-s034-r04-right-b000-25c4e83990e8fdc5,34,0.5,0.5,CONFIRM,True,5,True
csp_lda,17,d081-s034-r08-left-b000-d23da80cf5301296,34,0.5,0.5,OVERRIDE,True,5,True
csp_lda,18,d081-s034-r08-right-b000-5b363260d9fd2c61,34,0.6,0.4,,False,5,True
csp_lda,19,d081-s034-r12-left-b000-95cdd35a98e2a47a,34,0.6,0.4,CONFIRM,True,5,True
csp_lda,20,d081-s034-r12-right-b000-eab933dda3031b2a,34,0.6666666666666666,0.33333333333333337,,False,5,True
csp_lda,21,d081-s076-r04-right-b000-3ea563a1c322de50,76,0.5,0.5,,False,3,True
csp_lda,22,d081-s076-r04-left-b000-6e8b8104f8fc51c4,76,0.5,0.5,,False,4,False
csp_lda,23,d081-s076-r08-left-b000-02334928bee19ccf,76,0.5,0.5,,False,2,False
csp_lda,24,d081-s076-r08-right-b000-c055f89746084716,76,0.5,0.5,,False,3,True
csp_lda,25,d081-s076-r12-left-b000-5f3b61db894f45d4,76,0.5,0.5,,False,3,False
csp_lda,26,d081-s076-r12-right-b000-6f870d9ae04df88d,76,0.5,0.5,,False,3,True
csp_lda,27,d081-s089-r04-left-b000-6d03b2ddd596e41b,89,0.5,0.5,OVERRIDE,True,5,True
csp_lda,28,d081-s089-r04-right-b000-65a6b26d39d4f957,89,0.5,0.5,OVERRIDE,True,5,True
csp_lda,29,d081-s089-r08-left-b000-26a46e0a3721b10f,89,0.5,0.5,,False,5,False
csp_lda,30,d081-s089-r08-right-b000-48c78f82599b9356,89,0.5,0.5,,False,3,True
csp_lda,31,d081-s089-r12-left-b000-2a7759c30dfaa90b,89,0.5,0.5,OVERRIDE,True,5,True
csp_lda,32,d081-s089-r12-right-b000-8aa7207003b84414,89,0.6,0.4,OVERRIDE,True,5,True
csp_lda,33,d081-s093-r04-right-b000-30442968ba5cf7a5,93,0.5,0.5,OVERRIDE,True,5,True
csp_lda,34,d081-s093-r04-left-b000-bb024072f316a05b,93,0.5,0.5,CONFIRM,True,5,True
csp_lda,35,d081-s093-r08-left-b000-94c385bc4e4738b6,93,0.5,0.5,OVERRIDE,True,5,True
csp_lda,36,d081-s093-r08-right-b000-a72fc490d97292d8,93,0.6,0.4,CONFIRM,True,5,True
csp_lda,37,d081-s093-r12-left-b000-08d7152adf144568,93,0.5,0.5,OVERRIDE,True,5,True
csp_lda,38,d081-s093-r12-right-b000-7f0a83efe8bbdc45,93,0.5714285714285714,0.4285714285714286,CONFIRM,True,5,True
eegnet,1,d081-s016-r04-left-b000-245142203e184d40,16,0.5,0.5,OVERRIDE,True,5,True
eegnet,2,d081-s016-r04-right-b000-4c8249baca6c7c7b,16,0.5,0.5,,False,4,True
eegnet,3,d081-s016-r12-right-b000-769143302536a35e,16,0.5,0.5,CONFIRM,True,5,True
eegnet,4,d081-s016-r12-left-b000-f3c57eb656974e4a,16,0.5,0.5,OVERRIDE,True,5,True
eegnet,5,d081-s021-r04-right-b000-838f07c41166d754,21,0.5,0.5,,False,3,True
eegnet,6,d081-s021-r04-left-b000-a96a97af3fd4e4c7,21,0.5,0.5,,False,3,False
eegnet,7,d081-s029-r04-right-b000-f2f742874290b5d0,29,0.5,0.5,,False,4,True
eegnet,8,d081-s029-r04-left-b000-e3974d670b86473c,29,0.5,0.5,OVERRIDE,True,5,True
eegnet,9,d081-s029-r08-left-b000-af6710ffb8a893ed,29,0.5,0.5,OVERRIDE,True,5,True
eegnet,10,d081-s029-r08-right-b000-b7392de7463f7cae,29,0.5,0.5,,False,1,True
eegnet,11,d081-s029-r12-left-b000-1540db9f22d017db,29,0.5,0.5,OVERRIDE,True,5,True
eegnet,12,d081-s031-r04-right-b000-dc9a84de8ccc360a,31,0.5,0.5,,False,3,True
eegnet,13,d081-s031-r04-left-b000-99d6a33673e2f425,31,0.5,0.5,OVERRIDE,True,5,True
eegnet,14,d081-s031-r08-right-b000-0fb327a1f9b756d7,31,0.5,0.5,OVERRIDE,True,5,True
eegnet,15,d081-s034-r04-left-b000-3a029bd9de20aa12,34,0.5,0.5,CONFIRM,True,5,True
eegnet,16,d081-s034-r04-right-b000-25c4e83990e8fdc5,34,0.5,0.5,,False,2,True
eegnet,17,d081-s034-r08-left-b000-d23da80cf5301296,34,0.5,0.5,OVERRIDE,True,5,True
eegnet,18,d081-s034-r08-right-b000-5b363260d9fd2c61,34,0.5,0.5,,False,5,True
eegnet,19,d081-s034-r12-left-b000-95cdd35a98e2a47a,34,0.5,0.5,OVERRIDE,True,5,True
eegnet,20,d081-s034-r12-right-b000-eab933dda3031b2a,34,0.75,0.25,,False,3,True
eegnet,21,d081-s076-r04-right-b000-3ea563a1c322de50,76,0.5,0.5,CONFIRM,True,5,True
eegnet,22,d081-s076-r04-left-b000-6e8b8104f8fc51c4,76,0.5,0.5,OVERRIDE,True,5,True
eegnet,23,d081-s076-r08-left-b000-02334928bee19ccf,76,0.5,0.5,,False,5,False
eegnet,24,d081-s076-r08-right-b000-c055f89746084716,76,0.5,0.5,OVERRIDE,True,5,True
eegnet,25,d081-s076-r12-left-b000-5f3b61db894f45d4,76,0.4,0.6,OVERRIDE,True,5,True
eegnet,26,d081-s076-r12-right-b000-6f870d9ae04df88d,76,0.5,0.5,CONFIRM,True,5,True
eegnet,27,d081-s089-r04-left-b000-6d03b2ddd596e41b,89,0.5,0.5,OVERRIDE,True,5,True
eegnet,28,d081-s089-r04-right-b000-65a6b26d39d4f957,89,0.5,0.5,CONFIRM,True,5,True
eegnet,29,d081-s089-r08-left-b000-26a46e0a3721b10f,89,0.5,0.5,OVERRIDE,True,5,True
eegnet,30,d081-s089-r08-right-b000-48c78f82599b9356,89,0.6,0.4,OVERRIDE,True,5,True
eegnet,31,d081-s089-r12-left-b000-2a7759c30dfaa90b,89,0.5,0.5,OVERRIDE,True,5,True
eegnet,32,d081-s089-r12-right-b000-8aa7207003b84414,89,0.5714285714285714,0.4285714285714286,OVERRIDE,True,5,True
eegnet,33,d081-s093-r04-right-b000-30442968ba5cf7a5,93,0.5,0.5,,False,2,True
eegnet,34,d081-s093-r04-left-b000-bb024072f316a05b,93,0.5,0.5,OVERRIDE,True,5,True
eegnet,35,d081-s093-r08-left-b000-94c385bc4e4738b6,93,0.5,0.5,OVERRIDE,True,5,True
eegnet,36,d081-s093-r08-right-b000-a72fc490d97292d8,93,0.5,0.5,,False,2,True
eegnet,37,d081-s093-r12-left-b000-08d7152adf144568,93,0.5,0.5,OVERRIDE,True,5,True
eegnet,38,d081-s093-r12-right-b000-7f0a83efe8bbdc45,93,0.75,0.25,OVERRIDE,True,5,True
